<?xml version="1.0" encoding="UTF-8"?>
<Musicscreen frameRate="1" screenWidth="1200" allowScreenRotation="true">
	<MusicControl name="music_control" autoShow="true" visibility="true" enableLyric="true" defAlbumCover="default_album_cover.png">
		<Image srcExp="ifelse(eq(#orientation,1),'music_bg_v.png','music_bg_h.png')"/>
		<Image name="music_album_cover" x="#view_width/2" y="#view_height/2" w="max(#view_width,#view_height)" h="max(#view_width,#view_height)" align="center" alignV="center" antiAlias="true">
			<Mask y="#view_height-1595" align="absolute" w="#view_width" src="music_album_cover_mask.png"/>
		</Image>
		<Image y="#view_height" alignV="bottom" w="#view_width" src="music_album_cover.png"/>
		<Text x="80" y="98" alignV="center" w="540" marqueeSpeed="30" size="40" color="#ffffff" text="@music_control.title"/>
		<Text x="80" y="136" alignV="center" w="540" marqueeSpeed="30" size="24" color="#ffffff" alpha="127.5" text="@music_control.artist"/>
		<DateTime name="music_position" x="80" y="#view_height-105" alignV="center" color="#ffffff" size="22" value="#music_control.music_position" format="mm:ss"/>
		<DateTime name="music_duration" x="#view_width-80" y="#view_height-105" align="right" alignV="center" color="#ffffff" size="22" value="#music_control.music_duration" format="mm:ss"/>
		<Image x="80" y="#view_height-80" alignV="bottom" w="#view_width-160" h="2" src="time_indicator_progress_bg.png"/>
		<Image name="music_progress" x="80" y="#view_height-80" alignV="bottom" w="(#view_width-60)*#music_control.music_position/#music_control.music_duration" h="2" src="time_indicator_progress.png"/>
		<Button name="music_prev" x="#view_width*0.5-340" y="#view_height-374" w="120" h="120">
			<Normal>
				<Image x="#view_width*0.5-280" y="#view_height-310" align="center" alignV="center" src="nowplaying_prev_n.png"/>
			</Normal>
			<Pressed>
				<Image x="#view_width*0.5-280" y="#view_height-310" align="center" alignV="center" src="nowplaying_prev_p.png"/>
			</Pressed>
		</Button>
		<!-- 下一首 -->
		<Button name="music_next" x="#view_width*0.5+220" y="#view_height-374" w="120" h="120">
			<Normal>
				<Image x="#view_width*0.5+280" y="#view_height-310" align="center" alignV="center" src="nowplaying_next_n.png"/>
			</Normal>
			<Pressed>
				<Image x="#view_width*0.5+280" y="#view_height-310" align="center" alignV="center" src="nowplaying_next_p.png"/>
			</Pressed>
		</Button>
		<!-- 播放 -->
		<Button name="music_play" x="#view_width*0.5-88" y="#view_height-400" w="180" h="180">
			<Normal>
				<Image x="#view_width*0.5" y="#view_height-310" align="center" alignV="center" src="nowplaying_play_n.png"/>
			</Normal>
			<Pressed>
				<Image x="#view_width*0.5" y="#view_height-310" align="center" alignV="center" src="nowplaying_play_p.png"/>
			</Pressed>
		</Button>
		<!-- 暂停 -->
		<Button name="music_pause" x="#view_width*0.5-88" y="#view_height-400" w="180" h="180">
			<Normal>
				<Image x="#view_width*0.5" y="#view_height-310" align="center" alignV="center" src="nowplaying_pause_n.png"/>
			</Normal>
			<Pressed>
				<Image x="#view_width*0.5" y="#view_height-310" align="center" alignV="center" src="nowplaying_pause_p.png"/>
			</Pressed>
		</Button>
	</MusicControl>	
</Musicscreen>